"","A549","HEK293T","K562","HeLa"
"hsa-let-7a-2-3p",0.388721989381843,0,0,0.115072296110535
"hsa-let-7a-3p",3.88222397957509,0.91992855250615,0.534597457975789,5.37455472619191
"hsa-let-7a-5p",151.43164937964,22.7475086571228,10.8181045941086,139.129750683488
"hsa-let-7b-3p",2.82506070250462,0.0876732860169638,0.0214203901217674,3.25226164813304
"hsa-let-7b-5p",59.6378755816423,1.29342945033218,0.470350299243462,127.59950698623
"hsa-let-7c-3p",0.371172375142569,0.344799518852114,0.0034813195872269,0.464042239169811
"hsa-let-7c-5p",4.73307426808601,1.53139509093828,0.0951278388392443,7.64505712677053
"hsa-let-7d-3p",6.37833765307828,1.07170944527677,0.218914371318358,26.9632149333354
"hsa-let-7d-5p",3.314383775667,0.307914872856292,0.0391824626627683,10.4033372092901
"hsa-let-7e-3p",0.357498260105034,0.208927283090545,0.164125261043556,0.419211715518311
"hsa-let-7e-5p",50.8182482126513,13.5489127069887,8.14403128346795,36.922690667777
"hsa-let-7f-1-3p",0.563120707693705,0.00759889967932643,0.026729123534371,1.05945632105771
"hsa-let-7f-5p",52.9443656293394,16.4223220159948,3.77854911999334,98.4861971270392
"hsa-let-7g-3p",0.0378937916840277,0,0.00608591204990769,0.0911053462210434
"hsa-let-7g-5p",10.3969760805148,3.20382853578215,0.414730273820554,18.6742473772422
"hsa-let-7i-3p",0.392547263365587,0.00526094276094276,0.00651239243155801,0.196783081662788
"hsa-let-7i-5p",7.00559643453914,0.123031670249526,0.0471095828418732,8.76747668238483
"hsa-miR-100-3p",0.0403487194165334,0,0,0.0203738498386633
"hsa-miR-100-5p",65.1552237740693,0.418567034209397,0.267241195674926,29.6431688352266
"hsa-miR-101-3p",50.4025412606058,67.4112007196556,62.854657815547,54.9305288327236
"hsa-miR-101-5p",0.355523053795711,0.113805183756887,0.0744907670362962,0.159746610124142
"hsa-miR-10395-3p",0.26901356096897,0.785624264185112,0.486811753718947,0.408189273696695
"hsa-miR-10395-5p",0.285455060123344,2.26018980915164,1.1433547042474,0.711872236167189
"hsa-miR-10396b-3p",0.00458364043724263,0.241956838328142,0.0222107528403938,0.0472951635668863
"hsa-miR-10399-3p",0.0233727750397255,0.0223836553024808,0.0455478319197829,0.0691613871129036
"hsa-miR-10399-5p",0.0342050076492261,0.0101514547954702,0.0441811854485589,0.0564752430024222
"hsa-miR-103a-1-5p",0.0440180670868668,0.0906767188189077,0.0271606861335493,0.0612174974331171
"hsa-miR-103a-2-5p",0.584514767112691,1.32271320280799,0.46517130546599,0.367533567602099
"hsa-miR-103a-3p",105.786352670975,183.068431234822,70.0603610036296,89.9135931291101
"hsa-miR-10401-3p",2.21850487098876,2.86030151066675,1.3013805538079,1.78648938763132
"hsa-miR-10401-5p",0.0671866502109443,0.212632876090926,0.0429636072080804,0.0480675823935861
"hsa-miR-105-5p",2.51372278636558,8.91193666048384,3.92223348038197,6.44762126351325
"hsa-miR-106a-5p",15.275893374921,82.8905385485051,170.733870456304,29.7643624254943
"hsa-miR-106b-3p",0.65837893114139,0.891803675718215,1.42028461240748,1.15047417278463
"hsa-miR-106b-5p",245.027501269044,402.309209526354,301.841727784305,335.944762974167
"hsa-miR-107",10.8954387331362,26.3959476043602,7.84581884154197,12.3006395322071
"hsa-miR-10a-3p",0.0334635835378438,0.0826299356982437,0.0139512245448609,0.00464518670398919
"hsa-miR-10a-5p",0.00794197005580154,0.216651023109826,0.059919403129847,0.0286913910542997
"hsa-miR-1179",0.024665565832059,0.0217073661821352,0.0111737599703428,0.0083800672130854
"hsa-miR-1180-3p",5.63186229974284,11.7968040931235,1.94892670001337,5.0414385484848
"hsa-miR-1180-5p",0.107929001258766,0.280214710168455,0.0710624348422146,0.0710594223823718
"hsa-miR-1185-1-3p",0.324125896911157,0,0,0
"hsa-miR-1185-2-3p",0.211314157600182,0,0,0
"hsa-miR-12136",5.07615645162135,4.28884755810117,2.72595606525354,1.66292749353942
"hsa-miR-122-5p",0.0391784990337225,0.0362950005799006,0.0297993573556039,0.0399419156235094
"hsa-miR-1226-3p",0.0390476848041336,0.252339774321705,0.0811582276722678,0.254514300682018
"hsa-miR-1226-5p",0.022203704490538,0.332477312629796,0.327583373272637,0.113148094742378
"hsa-miR-1228-3p",0.0504122647713719,0.0227432723350049,0,0.0669601235916203
"hsa-miR-1228-5p",0.148722701941508,0.0776698763821199,0,0.0931080415448923
"hsa-miR-1229-3p",0.0436838692266348,0.0493658451076008,0.0080022014219422,0.076324912786562
"hsa-miR-1234-3p",0.00450837114353932,0.0381694970937102,0.0169881236717879,0.0158656568081625
"hsa-miR-124-3p",0.219115225516236,0.0591423592217315,0,0
"hsa-miR-124-5p",0.317195301235576,0.172301598656239,0,0
"hsa-miR-1246",0.0391728512250394,0.100121347372247,0.448561127738413,0.0246461728864357
"hsa-miR-1247-5p",0.0151299900964708,0.188277139622161,0,0.0390905986476007
"hsa-miR-1248",0.0222346633566282,0.0499892268558415,0.00361697664156485,0.0101715327279237
"hsa-miR-1249-3p",0.217475619055698,0.915670380875259,0.0795274266703605,0.28715376024523
"hsa-miR-1255a",0.00367834762739221,0.100457906909181,0.0155244542009065,0.0446515935547444
"hsa-miR-1255b-5p",0.0427124239534626,0.0442974399740223,0.207829397512185,0.0119119587131511
"hsa-miR-125a-3p",0.147222403030803,0.0300922637954451,0.0478350810737988,0.053297150787108
"hsa-miR-125a-5p",102.565534723037,57.7304223501066,50.0164609374299,76.1536213571069
"hsa-miR-125b-1-3p",0.0409255943561187,0,0,0.00449004736101957
"hsa-miR-125b-2-3p",0.209190103327058,0.144184308622267,0,0.207469384038185
"hsa-miR-125b-5p",196.277655985412,33.3043462260107,1.78802986422953,108.278731696036
"hsa-miR-126-3p",1.14659914372204,0.745711417095903,7.51205095472335,1.7536427637286
"hsa-miR-126-5p",0.350540104953017,0.476407075299267,5.62966071659621,0.669633500497218
"hsa-miR-1260a",0.0592660827910914,0.221130175596787,0.0714038106018548,0.154934095899292
"hsa-miR-1260b",9.30005551408562,27.7316349454773,8.13322337209599,14.2501751215185
"hsa-miR-1268a",2.31808255566647,3.67025973417874,3.87013619219765,2.97621296650723
"hsa-miR-1268b",2.40537517458709,3.78780037693807,3.95706168870124,3.19536216387368
"hsa-miR-1269b",0.701450749317923,3.52889850167264,0,0
"hsa-miR-127-3p",0.563507802365727,0,0.0155219227078351,0
"hsa-miR-1271-3p",0,0.187579198702697,0.00329237617373211,0.187453131119862
"hsa-miR-1271-5p",0,4.28484807006036,0.0156747411057552,2.13306535657704
"hsa-miR-1272",0.0276193562142815,0.0775335215984943,0,0.0318653320127366
"hsa-miR-1273h-3p",0,0.135922385005774,3.22911078530473,0.0117012528490569
"hsa-miR-1273h-5p",0,0,0.509675871294045,0.00582325037530849
"hsa-miR-1275",0.13330216513761,0.6360615370638,0.697437505047024,0.630244845009419
"hsa-miR-1276",0.00335162426415089,0.0415282004463247,0,0.0361423143242854
"hsa-miR-1277-5p",0.288512538869623,1.07806548821449,0.291588701673449,0.372063257903907
"hsa-miR-128-1-5p",0.0477726350199781,0.376163985843324,0.483757565830337,0.105577306013125
"hsa-miR-128-3p",24.9080349145263,75.9289524539981,38.4624480778356,64.6044224845233
"hsa-miR-1284",0.215153034488085,0.640179277623485,0.200587223233919,0.453527100262368
"hsa-miR-1285-3p",1.89666425602499,2.83807220718523,4.0212023208886,2.14737972483926
"hsa-miR-1285-5p",0.354003918042958,0.653430250081926,0.691718942804886,0.312246137675787
"hsa-miR-1286",0.0042920665441997,0.0116188108693757,0.00551084423929408,0.0410111672247456
"hsa-miR-129-1-3p",0.161374441131329,0.0266794122195302,0.0740918285182363,0.0178354567216742
"hsa-miR-129-2-3p",0.30748217144189,2.9698104163466,0.423173328425106,0.141981042463034
"hsa-miR-129-5p",0.0599292955347048,0.499475026337967,0.0327613140312553,0.03589188714404
"hsa-miR-1291",0.173205764865417,0.149109298735461,0.0715657256590477,0.130057132563686
"hsa-miR-1292-5p",0.129430339466247,0.399751906617061,0.15801726538951,0.126125383212932
"hsa-miR-1293",0.0947933498349466,0.015480233017431,0.037421622223005,0.011640714011808
"hsa-miR-1294",0.180854325183558,0.03601795781396,0.0693769715591451,0.0298258270158565
"hsa-miR-1295a",0.0131040106956436,1.81428480370065,0.0295634162042635,0.00529779431631435
"hsa-miR-1296-5p",0.116816854195825,0.129870120366586,0.124548471683369,0.129338278651341
"hsa-miR-1299",0.114201068946161,0.029804628909322,0.00352190182698657,0
"hsa-miR-1301-3p",7.27802888679,18.4969720877569,0.275529592774348,12.1996039161573
"hsa-miR-1303",0.0336532400582237,0.0743352541863238,0.0635487787772515,0.0885401092795666
"hsa-miR-1304-5p",0.677020558589503,1.72958504888941,2.09948904901066,0.564522198697056
"hsa-miR-1305",0.00848743226832399,0.0548968593058812,0,0.0136186238785217
"hsa-miR-1307-3p",20.6048538425717,59.7930335495603,30.0216738092823,39.6234428999753
"hsa-miR-1307-5p",0.2153024605633,0.584751985756519,0.258617192917952,0.575173072972481
"hsa-miR-130a-3p",4.99768138809076,0.0460476193190745,0.0279911509667274,4.34462299111651
"hsa-miR-130b-3p",2.34847668090165,11.2529450257735,31.2015027579663,4.16673326712186
"hsa-miR-130b-5p",0.773651722411355,5.02631686742923,14.2742895594158,1.72506186618088
"hsa-miR-132-3p",34.9251494330729,18.2896710458251,7.88498537255781,19.3705126848065
"hsa-miR-132-5p",0.126115588861107,0.0907868674774001,0.0383628416356343,0.0937096691136722
"hsa-miR-133a-3p",0.0168439835087243,1.10897437498775,0.0166951673249453,0.00967409775885175
"hsa-miR-134-3p",0.042762675947143,0,0,0
"hsa-miR-134-5p",0.731155327385982,0,0.0179772620780018,0
"hsa-miR-1343-3p",0.102810664739851,0.600757171135972,0.186683324085932,0.121828234892698
"hsa-miR-135a-5p",0.0101137355732387,0.0402388147710928,1.29062121813868,0.00495139463456975
"hsa-miR-135b-5p",0.39580053860707,0.616939126261222,13.6442053712818,10.5837381765627
"hsa-miR-136-3p",0.0596860968971439,0,0.00463408135129812,0
"hsa-miR-137-3p",11.9579104620727,0.0448987038990636,0.0283712475815565,3.08371931434147
"hsa-miR-138-1-3p",6.01573889780785,0.296621639520288,0.00880924663367385,0.635978599017518
"hsa-miR-138-5p",5.0409988483065,0.0489101050230721,0.0153843328937028,0.456857723418126
"hsa-miR-139-3p",0.183615574956958,0.160070880834902,0.034296198630136,0.206113106545636
"hsa-miR-139-5p",7.17668726081883,3.26369463924071,0.603646852181491,6.851561140668
"hsa-miR-140-3p",8.54643546555817,8.5455044555858,8.10032981826921,7.49592615374917
"hsa-miR-140-5p",1.09009415004417,1.24058701849178,1.08174295423198,1.27562674625415
"hsa-miR-142-3p",0.0101266586255195,0.0510430089144892,12.9697477554371,0.0299146104936588
"hsa-miR-142-5p",0,0.0868221174089007,9.9867733152011,0.0395994496429655
"hsa-miR-144-3p",0,0.00846367391157153,0.852343275789046,0
"hsa-miR-144-5p",0,0.0169196646603613,2.98594706732431,0.00597708624218197
"hsa-miR-145-5p",0.0211432618753887,0.0689115372298802,2.40845160022475,0
"hsa-miR-146a-5p",4.09112549863476,0.112278147848986,0.031323610645803,0.0326124106023095
"hsa-miR-146b-3p",0,0,0.171195310079576,0
"hsa-miR-146b-5p",0.203179086079995,0.684225944723717,33.0163252229806,0.704905563874365
"hsa-miR-147b-5p",0.239243855961215,0.0358186765901263,0,0
"hsa-miR-148a-3p",10.863363350737,194.371658392918,68.6769890168973,18.594627895266
"hsa-miR-148a-5p",0.0500647474735905,1.07816293649463,0.570491382239886,0.0373707716365367
"hsa-miR-148b-3p",45.9488761691801,70.0796240022923,28.6756353043064,64.1015545955459
"hsa-miR-148b-5p",0.0465129746873996,0.0440055133619185,0.0205137837166392,0.0237689772410899
"hsa-miR-149-5p",1.44928299873153,3.21857112616465,0.0877284315204865,2.95175809097832
"hsa-miR-150-5p",0.0510636291309996,0.0300456686991689,0.0397234047154534,0.0371298519359931
"hsa-miR-151a-3p",27.1751792772599,15.7122896164472,10.981153555577,13.2828759229879
"hsa-miR-151a-5p",177.535164987732,66.4020539679933,50.3980953135184,77.3962646907717
"hsa-miR-151b",6.88365366889609,0.889328291829141,0.735635065246526,2.70116946604946
"hsa-miR-152-3p",20.6161378703076,6.14560246241865,0.878504640730012,31.11209487537
"hsa-miR-153-3p",0.0471766016768609,0.195655552353945,0.0531611729627961,0.0351731130392958
"hsa-miR-154-3p",2.37245495083118,0,0.0627848395478603,0.0211952370527172
"hsa-miR-155-5p",0.221679029164092,0,0,0
"hsa-miR-15a-3p",0.0101648677545161,0.0305828918298966,0.0449444072133811,0.0294586198167151
"hsa-miR-15a-5p",47.5430901567956,56.8777314148543,37.2587248100501,47.6182149281194
"hsa-miR-15b-3p",0.212799421215563,0.667829441204506,0.697991693716398,0.394645294645648
"hsa-miR-15b-5p",86.8514585493002,155.399305858675,103.106215628964,116.514796005038
"hsa-miR-16-2-3p",1.67108036957391,0.97436768304109,1.21478409628535,1.1075045223962
"hsa-miR-16-5p",335.304421164977,438.991031696269,330.635301775206,356.743261188102
"hsa-miR-17-3p",1.16706629287149,2.68144999381892,7.28094620296251,1.59923507719834
"hsa-miR-17-5p",309.639928395893,1280.19521072155,1831.47326151073,555.128232755931
"hsa-miR-181a-2-3p",1.46723548785062,0.302694319682448,0.0879715335197472,0.955706336686303
"hsa-miR-181a-3p",0.0960783800475782,0.0772111958733966,0,0.0453017483404811
"hsa-miR-181a-5p",36.0114536818023,8.80587025130166,0.181487387846287,25.023670449501
"hsa-miR-181b-3p",0.435183718114895,0.307246029040002,0,0.141700265172937
"hsa-miR-181b-5p",5.28622657869931,2.37427109129242,0.0350320057222617,5.98386624122246
"hsa-miR-181c-5p",0.889637728845659,0.902713506612581,0.0397294052006554,2.01524729852233
"hsa-miR-181d-5p",0.53544159051412,0.618754268756488,0.0169559086699457,1.62469768506364
"hsa-miR-182-3p",0.18691861300679,0.300996037567973,0.369502931099854,0.22250759614052
"hsa-miR-182-5p",114.963158327716,89.7428059008451,99.3533914742669,142.804085219428
"hsa-miR-183-3p",1.0569085052992,1.42194413331202,1.71093489661825,1.8469961238465
"hsa-miR-183-5p",11.2335721837892,9.82288885938929,8.76970948273245,17.9656433875345
"hsa-miR-185-3p",0.0144625121927485,0.0242612822662089,0.120416535296587,0
"hsa-miR-185-5p",5.26851564834923,8.82341563046993,22.5586829963481,6.29741341238169
"hsa-miR-186-5p",0.178945656827117,1.30485147903541,0.617445010429411,0.695234316731285
"hsa-miR-187-3p",0,0.240671481239553,0,0
"hsa-miR-187-5p",0,0.107375197417622,0,0
"hsa-miR-188-5p",0.092908997870339,0.612418043722751,0.145228583832057,0.612015621338877
"hsa-miR-18a-3p",2.18438993383065,6.39004078548754,24.9011209767922,3.38287427400312
"hsa-miR-18a-5p",15.776143765247,138.117220695501,207.977660024264,35.2268826054051
"hsa-miR-18b-5p",0.276953580672019,0.468721835279052,0.448602178400017,0.266397259559177
"hsa-miR-1908-3p",0.0140332247816249,0.0466790670241806,0.0771123240973884,0.0325502816163226
"hsa-miR-1908-5p",1.49105423737313,3.31681142761863,3.69089252328531,0.737373547714444
"hsa-miR-190a-3p",0.0702957518296741,0.0562258507355978,0.00450667461043178,0.143272956687276
"hsa-miR-190a-5p",0.367160686530683,0.261438108520612,0.0318859873120571,0.3450084672944
"hsa-miR-190b-5p",0.137274316148638,0.369840953933358,0.104501123276824,0.137297618677662
"hsa-miR-191-3p",0,0.0298835884428466,0.154775579871453,0.04314490226952
"hsa-miR-191-5p",73.3883499893355,110.532330004428,118.512965232061,160.901502397611
"hsa-miR-1910-3p",0.113331643758083,0.324285084157096,0,0.22804561262933
"hsa-miR-1910-5p",0.0781613229996062,0.285588576741756,0,0.329688670635855
"hsa-miR-1914-5p",0.0388025522748698,0.441832584813472,0.0732920573336665,0.130329000837648
"hsa-miR-1915-3p",0.00451476236999742,0.0182126921813642,0.00853283915464266,0.0408087561883166
"hsa-miR-192-3p",0.34698636550357,0.285300577174079,0.110150249763665,0.102193494637055
"hsa-miR-192-5p",35.7274358105601,15.9128933478675,10.4988363385263,8.91489177374523
"hsa-miR-193a-3p",1.30353968248899,1.3711061861051,0.0561741504801014,2.20398058739063
"hsa-miR-193a-5p",8.20549473588457,10.6735742958588,0.474404853916134,14.4193414541283
"hsa-miR-193b-3p",44.9225457359495,13.6327601627405,7.58854165951068,26.9225603554101
"hsa-miR-193b-5p",7.30730469001675,1.27660848568636,1.95561529724009,3.25260937036502
"hsa-miR-194-5p",51.1560980329648,33.8514807025293,25.1481628404757,19.1855832193901
"hsa-miR-195-5p",3.02888075643615,4.05340182945285,0.740679402746347,3.94533291430103
"hsa-miR-196a-1-3p",0.308320403396545,0.260167192361517,0.152511737460898,0
"hsa-miR-196a-3p",0.0167213558585501,0.0379832215378382,0,0.16560019448316
"hsa-miR-196a-5p",5.23993092696984,17.4705196517079,1.79505420160794,26.5022543557189
"hsa-miR-196b-3p",0.0764209755054372,1.83677155849927,0,0.310418140939289
"hsa-miR-196b-5p",0.79351000591004,15.6633976663347,0.0232017935465676,4.61375092939527
"hsa-miR-197-3p",2.33698764985919,16.7054624928304,7.68211719397084,5.3832580006108
"hsa-miR-197-5p",0.0471259839448057,0.128402704629458,0.204947089522879,0.0439682936812991
"hsa-miR-199a-3p",0.165127996241634,0.605556460263858,0.573931080105456,0.21399060177368
"hsa-miR-19a-3p",78.1471358030317,236.625513618555,383.046230546788,119.69595624856
"hsa-miR-19a-5p",0.0348338833440264,0.0311813772556445,0.130716898355764,0.0532605789695701
"hsa-miR-19b-1-5p",0.148567507848506,0.611185575960516,2.06691871313653,0.250640768928151
"hsa-miR-19b-3p",235.613563747182,581.594185615284,876.049289821652,321.564431545151
"hsa-miR-200a-3p",0.127761603690472,0.00652980201640286,0,0.0200476245395005
"hsa-miR-200b-3p",1.95519185273269,0.247376834261735,0.045682126864296,0.312518096440727
"hsa-miR-200b-5p",0.0760407101218768,0.145861575855359,0.0642621528006004,0.122736147513692
"hsa-miR-200c-3p",1.35766039471228,1.72286256425037,1.18178414292914,0.703321388455788
"hsa-miR-202-3p",0.0092864055004494,0,0.12996177163651,0.00460597708434281
"hsa-miR-202-5p",0.0316174456819865,0.0406407795070565,3.42179314164456,0.012218157731222
"hsa-miR-203a-3p",0.0757947386144086,0.0270059305866187,0,0.834336619150729
"hsa-miR-203a-5p",0.0155093335920024,0,0,0.463648906107252
"hsa-miR-204-5p",0.0033326845707369,0.33968181995348,0.0373086258390019,0.00686380898843242
"hsa-miR-20a-3p",0.33993310651344,1.22328654769761,3.85395715793582,0.441380614435604
"hsa-miR-20a-5p",296.197216978769,882.192468886112,1471.11984192249,399.215036594833
"hsa-miR-20b-5p",0.444496666737652,0.0922882968500679,0.172893146379816,0.0264246301090381
"hsa-miR-21-3p",9.54899251760085,0.0551998354650544,1.72389720291996,2.35961517253367
"hsa-miR-21-5p",1248.70515127042,107.651236672877,323.69922981374,637.034109508401
"hsa-miR-210-3p",2.18890860343513,10.2319633502119,2.64002127743168,10.0385959362326
"hsa-miR-210-5p",0.0450120898811453,0.359662263709735,0.104899092091249,0.282459629030704
"hsa-miR-2110",0.5534717309121,3.12581670609697,0.583943547309674,1.73153864500098
"hsa-miR-2116-3p",0.397905925135701,0.0290865692504636,0.00398147816358301,0.213124957106808
"hsa-miR-212-3p",1.24748772240783,0.766951167816954,0.501903020008645,1.5805207945748
"hsa-miR-214-3p",0.0132369315941043,0.0533214374461104,0.00557274793526395,0
"hsa-miR-215-5p",0.168598212540072,0.512752216164402,0.354656702340087,0.388959136426977
"hsa-miR-216b-5p",0.00781559935916895,0.349613279079503,0,0.118643883697555
"hsa-miR-218-1-3p",0,0.191882588958507,0.0278989943568894,0.013814022948452
"hsa-miR-218-5p",12.5837582412428,248.998566386109,18.316394634258,7.00453789561848
"hsa-miR-219a-1-3p",0.026955503063725,0.102371110354694,0.115532299223835,0.0537201323915046
"hsa-miR-219a-5p",0.318564753532141,0.328254646928281,0.480607404914321,0.314302314868736
"hsa-miR-219b-5p",0.266601956507236,0.493186793917572,0.426751307758644,0.312408864225071
"hsa-miR-22-3p",20.1001638529284,2.09770606004454,3.19556508496824,9.937611924452
"hsa-miR-22-5p",10.3968551796403,1.60199866340338,3.03901083968588,6.57404133425013
"hsa-miR-221-3p",1.20961477028685,3.17462831013487,0.0538575027640715,0.405623927101676
"hsa-miR-221-5p",3.29858594429536,6.57079875623212,0.146488330731239,0.899800597645305
"hsa-miR-222-3p",71.9232510460701,144.618847200441,2.6570345024286,39.3147195450028
"hsa-miR-222-5p",2.12694090821996,3.03520375887808,0.14740895865854,0.281299931720754
"hsa-miR-223-3p",0.178098602396154,1.55962405386459,170.582253385567,0.653946769896336
"hsa-miR-223-5p",0.00689963754184442,0.0428573025100263,7.87677235602632,0.0308034445647459
"hsa-miR-224-3p",15.541640280033,0.961366420302299,6.36618378753841,5.23284223139838
"hsa-miR-224-5p",13.8444964336376,1.08831896269711,8.99147090418815,4.53394294412317
"hsa-miR-2276-3p",0.0776069527354748,0.138366999290845,0,0.0812124504487581
"hsa-miR-2277-3p",0.112819407337331,0.358932445687732,0.0300909973681732,0.315601197702235
"hsa-miR-2277-5p",0.00488902882375833,0.103879199413506,0.0119879154226357,0.00810293897409738
"hsa-miR-2355-5p",0.428420886333376,0.302325703828747,0,0.13744995806195
"hsa-miR-23a-3p",321.933085433206,63.7910397473209,127.383268836591,499.248899949457
"hsa-miR-23a-5p",0.0263281149314037,0,0.0215233138707114,0.0707371466914238
"hsa-miR-23b-3p",236.132126965101,57.8858786999923,24.2414946048888,99.0724105454407
"hsa-miR-23b-5p",3.16511446184382,0.491431921502364,0.454928451639754,0.587239352792682
"hsa-miR-23c",1.32284455523903,0.0306898992646147,0.00438234371247618,0.287267851498562
"hsa-miR-24-1-5p",3.5500235995359,0.459311622844916,0.205738418871147,1.02892349335452
"hsa-miR-24-2-5p",11.258496448525,0.885528766003551,2.36014780562616,19.1279715876096
"hsa-miR-24-3p",123.384040905801,16.0992425112181,11.9839261955888,147.102420535018
"hsa-miR-25-3p",56.3535419012665,106.441031424359,108.210731641583,73.4084477029603
"hsa-miR-25-5p",3.86316215690091,2.24877093313808,5.43023337723521,1.71268500914332
"hsa-miR-2682-3p",0.0410702830846748,0,0,0.0148976210089972
"hsa-miR-2682-5p",0.270322221220943,0,0,0.0701321652597749
"hsa-miR-26a-1-3p",0.0612061483661782,0.12473994985982,0.126854684466472,0.0574615567945631
"hsa-miR-26a-2-3p",0.103769986625556,0.085275648029821,0.0922851391522311,0.0554945923516089
"hsa-miR-26a-5p",184.981741830705,187.842488992432,131.302130699404,211.287383629396
"hsa-miR-26b-3p",0.0855789652209543,0.151945226013095,0.201508395135561,0.216944060138102
"hsa-miR-26b-5p",130.42577680402,163.497952075276,163.905945942528,243.546952926225
"hsa-miR-27a-3p",400.635129158856,23.5505929568905,62.5502412136858,477.071591923846
"hsa-miR-27a-5p",1.96697859428348,0.0435937746253642,0.776413931286177,2.49878418998747
"hsa-miR-27b-3p",583.641982454918,98.8646697175509,40.4395689826105,200.16032412335
"hsa-miR-27b-5p",10.8305119452221,0.855804826248541,0.693580067405327,1.17659608283543
"hsa-miR-28-3p",1.29107498236895,0.656410025929943,0.0034813195872269,0.869447366461499
"hsa-miR-28-5p",4.86821877733765,2.20972810970039,0.00371553423994846,2.82262352028558
"hsa-miR-296-3p",0,0.0311317000361819,0.00732254500783284,0.271943134867019
"hsa-miR-296-5p",0.0402287042347136,5.69288219284818,0.495713873184929,16.9745548865738
"hsa-miR-299-5p",2.57930319691585,0,0.0438394473896814,0
"hsa-miR-29a-3p",56.7941664221865,2.40934245354259,2.27420429855354,28.8346173466386
"hsa-miR-29a-5p",0.0266371718093399,0,0,0.0241620292176155
"hsa-miR-29b-1-5p",1.03426572164861,0.023236545733533,0.0440117389074337,0.284055536257166
"hsa-miR-29b-2-5p",0.242585105338758,0.216870927205175,0.0847125916050055,0.172271348274577
"hsa-miR-29b-3p",233.969365293952,17.5010742266061,11.5417505792586,128.705411211096
"hsa-miR-29c-3p",1.16101564926448,1.05532302789915,0.29306362503465,0.697873561366352
"hsa-miR-29c-5p",0.0236545158070043,0.0883789845106258,0.0231946708054057,0.0239246660131647
"hsa-miR-301a-3p",6.24809029149922,27.5473811137645,6.44239261981652,12.1103641090145
"hsa-miR-301a-5p",0.0352064294495767,0.12569617293542,0.0395461117236263,0.0500576706385955
"hsa-miR-301b-3p",0.26594156201722,1.07715659578961,2.27875866424762,1.01457784146406
"hsa-miR-301b-5p",0.00934600123345483,0.0542960517424906,0.226875523564291,0.0204104043258371
"hsa-miR-3064-3p",0.0901591837901786,0.0832153009036911,0.0228956536643908,0.0921300954535664
"hsa-miR-3065-3p",0.0342411961385187,0.258871697159168,0.0423768903916633,0.0641201062394844
"hsa-miR-3065-5p",0.105455171361508,0.855204130429675,0.125627374699098,0.207483596131803
"hsa-miR-3074-3p",0.0323399380705204,0.123173378886662,0.013971457793257,0.0743899332942499
"hsa-miR-3074-5p",0.0344385163576762,0.715725084861525,0.297753613384958,0.287403407745813
"hsa-miR-30a-3p",24.1671105928794,8.06273437908768,0.120458314826306,27.7248079730957
"hsa-miR-30a-5p",158.62155776806,43.9858382947567,1.0726291731607,187.285823645327
"hsa-miR-30b-5p",108.505706546477,125.195894873279,78.9988776396598,87.8082061032104
"hsa-miR-30c-2-3p",0.0212805918393401,0,0,0.0406279616156736
"hsa-miR-30c-5p",171.055218625382,151.431848847319,102.780078897236,250.704658973942
"hsa-miR-30d-3p",0.331698688068835,0.837292349391659,0.5064123337206,0.316939478136996
"hsa-miR-30d-5p",111.571636418006,144.964556950612,93.0079263835724,96.8233958924219
"hsa-miR-30e-3p",7.25436768170264,9.85267803658783,11.528927054943,9.11376570927261
"hsa-miR-30e-5p",29.3116965846029,30.7848254563283,33.5404837189681,41.735406131353
"hsa-miR-31-3p",57.5096654565472,6.1284845961681,0.181168580070804,52.0777642265525
"hsa-miR-31-5p",397.028284408628,49.8634139828189,2.36974469377872,326.250284280632
"hsa-miR-3115",0.0343793796097834,0.115630884916948,0.0613709344978822,0.0625780967485733
"hsa-miR-3121-3p",0.0147604593760152,0.00837563026617753,0.00853942185371608,0.0195273494413722
"hsa-miR-3126-5p",0.00804931673596576,0.0181857541894557,0,0.0303185353760426
"hsa-miR-3129-3p",0.211793680942151,0.00726786441072156,0,0
"hsa-miR-3130-5p",0.130851378408502,0.263752110823584,0.192266169308346,0.0859490371544141
"hsa-miR-3140-5p",0.0177491264480363,0.0422324284871517,0.0119387069803783,0.0343291902917436
"hsa-miR-3143",0.00888284619405891,0.0283385595652056,0.0394955297620916,0.0279805203354257
"hsa-miR-3144-5p",0.0560321442278873,0.542763951152574,0.0276480799703436,0.0107337043878864
"hsa-miR-3145-5p",0.0108770544371547,0.0339447806854746,0,0.0430292987165435
"hsa-miR-3146",0.0187332416747976,0.0259181381811927,0.00946696532499572,0.00528421409733205
"hsa-miR-3150a-5p",0.0292343203470024,0.0551863782747783,0.0501190560136424,0.01420427613177
"hsa-miR-3157-3p",0.0130625465082925,0.126991463979694,0.0607932376599883,0.0597558300535477
"hsa-miR-3157-5p",0.471176948338188,1.38590141929216,1.0333141857186,0.42173134376312
"hsa-miR-3158-5p",0.0117669606894929,0.0566632353607065,0.0144740176588056,0
"hsa-miR-3165",0.0413148043238934,0.0535846180171053,0.0664011086119436,0.0544388047583033
"hsa-miR-3173-3p",0.017855703350799,0.027851390427879,0.00450009360194692,0.0049382155165645
"hsa-miR-3173-5p",0.0563679053958026,0.0553626896973775,0.0212030901574886,0.0368361476891306
"hsa-miR-3177-3p",0.122601159840259,0.404278171575506,0.058597332650611,0.0691931759348819
"hsa-miR-3177-5p",0.0419664233433379,0.109264429870347,0.0462267142679774,0.0327059054762948
"hsa-miR-3179",0.00743686635492891,0.0498938503575978,0.0434636932430673,0.00492641415181435
"hsa-miR-3180",0.00426905278256861,0.0595499407641854,2.97337576831213,0.00859212353470295
"hsa-miR-3180-3p",0.00426905278256861,0.0595499407641854,2.95441952568822,0.00859212353470295
"hsa-miR-3180-5p",0.042188067649068,0.110143250679358,9.27503089834589,0.0548421375204348
"hsa-miR-3187-3p",0.0575974186492033,0.454962445737994,0.204606115300287,0.142619620798041
"hsa-miR-3191-3p",0.0329377893773982,0.00717216054164157,0.00309839543395662,0.00403938073061895
"hsa-miR-32-3p",0.642464487068354,0.860570709360971,0.979440376592759,0.709176171249457
"hsa-miR-32-5p",11.0330374952167,4.32055064603084,4.09395794654059,11.4811383538675
"hsa-miR-3200-3p",0.0754629570557294,1.44880913962769,0.0274935308369199,0.78977679010471
"hsa-miR-3200-5p",0.0259065912458691,0.451329582388788,0.00718650788342212,0.282623803002061
"hsa-miR-320a-3p",30.5627340536663,23.7185088438429,20.0678843722883,50.9040596442091
"hsa-miR-320a-5p",0.035583186537061,0,0.0805846213071971,0.0694049161216885
"hsa-miR-320b",2.51924355785715,0.683742153795129,0.922663790405567,5.94251148339557
"hsa-miR-320c",1.76242691677302,0.538165515388197,0.594412094575467,4.35145629607815
"hsa-miR-320d",0.798359170113235,0.262447714957608,0.426043074142101,2.65168386967142
"hsa-miR-320e",0.0993397107549751,0.0368687194785082,0.0506097170662268,0.481179351753885
"hsa-miR-323a-3p",1.57668203080723,0,0.010516308433531,0.00401925383356431
"hsa-miR-323b-3p",0.39854461466483,0,0.00563581583506447,0
"hsa-miR-324-3p",0.67035182695016,2.00237111718219,0.521303704463446,1.32441471562388
"hsa-miR-324-5p",10.8053568265697,29.3426340670688,7.82121428060713,15.5916179874155
"hsa-miR-326",0.00790157666954683,0.0219562417106777,0.0354409259228523,0.0639075148024502
"hsa-miR-328-3p",0.761704453006811,1.80943290909702,0.356895490644201,0.720592202588318
"hsa-miR-329-3p",1.03340194535472,0,0.011998888986195,0.016235995023553
"hsa-miR-330-3p",0.543827822920846,1.71909448325977,0.992599765154511,2.57255787194357
"hsa-miR-330-5p",0.0170810022404081,0.0158527647823448,0.00389099002350158,0.040681318384749
"hsa-miR-331-3p",2.19969917887247,2.51304872442001,0.590667406535174,1.62008281122934
"hsa-miR-331-5p",0.506810232699321,0.240333550742379,0.10764998076488,0.174555437321068
"hsa-miR-335-3p",5.46538469429582,0.0151700067687309,0.0335083674677773,10.5628764142012
"hsa-miR-335-5p",24.7787084913624,0.222863516882828,0.117773416738024,46.0179298292797
"hsa-miR-337-3p",2.04629219876379,0,0.0292016702632883,0.0320621993572626
"hsa-miR-338-3p",0.0383048832454491,0.24894527203491,0,1.28843864189625
"hsa-miR-338-5p",0.0214278566908058,0.463556076929058,0.0047556544731686,0.913201286407192
"hsa-miR-339-3p",5.12657893859823,2.8873706937015,3.56979949210664,0.0673405281101239
"hsa-miR-339-5p",0.687886985501425,1.73668549232139,1.04210190440006,0.406886308521011
"hsa-miR-33a-3p",2.24704223459747,6.67846815626889,5.34235546725579,3.97618716826161
"hsa-miR-33a-5p",0.0318155446340555,0.146336841328119,0.0399055255997161,0.113531337641127
"hsa-miR-33b-3p",4.07249054112566,1.76227701599853,6.23853090911094,1.87783245830461
"hsa-miR-33b-5p",0.0292972124298753,0.0679734064245611,0.0314061659239336,0.0618479757761797
"hsa-miR-340-3p",0.664087909067132,4.07096851913293,0.79573960152466,1.49231963666458
"hsa-miR-340-5p",20.0219825561048,91.6886845372684,20.4250026179679,37.9302287123567
"hsa-miR-342-3p",17.2070729731377,36.2125968666757,18.9717265560772,22.6439917554271
"hsa-miR-342-5p",0.274764178283655,0.784194957108651,0.344505150365693,0.458622451296865
"hsa-miR-345-5p",0.660092738388062,3.87227523011867,0.676033218360121,4.07700055160201
"hsa-miR-346",0.15492311652736,2.15639163193552,0,1.79503470146022
"hsa-miR-34a-3p",0.664675233121831,0.302499687275078,0,0.815999074856343
"hsa-miR-34a-5p",6.47649782018845,0.939059545840578,0.0515416554371922,6.69541259946278
"hsa-miR-34b-3p",0.736104779396916,0.00636375206821942,0,0
"hsa-miR-34b-5p",0.293795285975654,0,0.0117222605666899,0
"hsa-miR-34c-3p",2.37643318389789,0.00816513162192175,0.00646145393626716,0.00497796503776035
"hsa-miR-34c-5p",0.219909810489997,0,0,0
"hsa-miR-3605-5p",0.0184303828944405,0.016574421201149,0.00401886293507205,0.0355420382315448
"hsa-miR-3609",0.157612658596798,0.149679705479045,0.0555135485638438,0.0972679975074388
"hsa-miR-361-3p",4.20878685458027,2.73168952560668,1.09836110838438,4.49663303139748
"hsa-miR-361-5p",2.2517680654631,4.86061196615043,1.43611891603885,5.15606723045269
"hsa-miR-3613-3p",0,0.0352702466786096,0.00924186836982522,0.0178258428559024
"hsa-miR-3615",0.207619168941114,0.402840072465299,0.0605228233765852,0.29109397552846
"hsa-miR-3619-5p",0.116017095577598,0.0443203308956538,0.0497953281501291,0.589573914577924
"hsa-miR-362-3p",1.37357415890673,4.48321484336421,1.81604522576124,3.97369068385764
"hsa-miR-362-5p",4.10648720091381,12.2742493005718,6.73430378927651,9.23709546242881
"hsa-miR-3620-3p",0.00767378456036462,0.0400462084497201,0.003879234766633,0.0215312502381605
"hsa-miR-363-3p",0.107952757033564,0,0,0
"hsa-miR-3648",0.0101105449813884,0.381981598415548,0.0124038341269453,0.0587783053444108
"hsa-miR-3651",0.0477514339334624,0.0227333151702311,0.00329237617373211,0.00403938073061895
"hsa-miR-365a-5p",0.182474042169554,0.0237164781930608,0.0675867514021051,0.0586604515115906
"hsa-miR-365b-3p",87.4323816240426,43.2052176381777,16.0302690775569,59.9247034754476
"hsa-miR-365b-5p",0.111490508089414,0.162848670423608,0,0.172642078793689
"hsa-miR-3660",0,0.033777663434099,0.00390677497288698,0.0582763470202227
"hsa-miR-3661",0.00927453705100088,0.0356097976991536,0.00780829659960146,0.0235810666527609
"hsa-miR-3662",0.00906120074580285,0.0459068276455365,0.0623537434430963,0
"hsa-miR-3663-3p",0.0161683870346114,0.0725192459648019,0,0.0620098061540197
"hsa-miR-3664-3p",0.0495624679969388,0.0308637265264215,0,0.0375747283368189
"hsa-miR-3667-5p",0,0.00723662310219559,0.392330341621596,0.0845053151846051
"hsa-miR-3679-3p",0,0.0302124062978899,0.0123453364126562,0.0390756432286668
"hsa-miR-3679-5p",0.173471438843891,0.788555747051887,0.597397362167946,0.558988415033802
"hsa-miR-3680-5p",0,0.0150097080796936,0.0461487631014066,0.0226258325193936
"hsa-miR-3682-3p",0.0117416253664727,0.0370253276141576,0.0502997414050532,0.0138903413353263
"hsa-miR-3684",0.0317575307442233,0.122828819130536,0.138341462353705,0.0281794998101038
"hsa-miR-3685",0.0104959177577364,0.0386689327332417,0,0.0203914082324846
"hsa-miR-369-3p",5.22698224357953,0.04431188082998,0.0237624127445021,0.0095821409140192
"hsa-miR-370-3p",0.0426268261454109,0,0.00383960141865593,0
"hsa-miR-374a-3p",0.472807282879831,0.414296735569376,0.416764983107167,0.649874393485671
"hsa-miR-374a-5p",262.612250135468,290.490803667187,161.047720262803,303.396845988467
"hsa-miR-374b-3p",1.19793920547402,1.32612360221025,0.896752125261668,1.66781190349393
"hsa-miR-374b-5p",125.438030156206,158.146091694076,78.4923360079616,155.880988864019
"hsa-miR-374c-5p",1.04221670481936,1.49485084885606,0.581438006836914,1.31623996840423
"hsa-miR-375-3p",0.472774977725127,4.07022916823903,0.153038908995657,0.0992143851989855
"hsa-miR-376a-3p",1.43494471784948,0.00682836228558942,0.054767622398425,0.0220504140946122
"hsa-miR-376b-3p",0.211643985546327,0,0,0
"hsa-miR-376c-3p",3.00428748278323,0.0105159105726965,0.0563469715899111,0.0101909112855077
"hsa-miR-377-3p",6.01481368211132,0.0231941687821232,0.0428086334453338,0.0114217123291362
"hsa-miR-377-5p",0.148683968598304,0,0,0
"hsa-miR-378a-3p",6.20255192554303,17.3808555167689,17.411533110338,7.99253424241496
"hsa-miR-378a-5p",1.38688340688015,3.4406650851141,4.38511238767896,1.82325860896449
"hsa-miR-378c",0.333064209408006,0.489065120606643,0.558241230251155,0.403001002589818
"hsa-miR-378d",0.0104933185422511,0.0563080837732238,0.0300620163449047,0.074317706120752
"hsa-miR-378i",0.00381311467408546,0.0386999213451985,0.0361971471617537,0.00345813153694927
"hsa-miR-379-3p",0.899076966488479,0,0.0392750689883531,0.0117874841956291
"hsa-miR-379-5p",2.33547443261635,0,0.0333491935928214,0.00602757494988071
"hsa-miR-380-3p",0.420099176515719,0,0.00383960141865593,0.00396259626136968
"hsa-miR-381-3p",2.06020437803617,0.0201818548221816,0.0101760493674209,0.0078547314545863
"hsa-miR-382-3p",2.50031765588788,0.00515692523489794,0.0316670250355481,0
"hsa-miR-382-5p",0.75208025187175,0,0,0
"hsa-miR-3909",0.0538391214480546,0.15187804863034,0.0715698310765379,0.063424743115583
"hsa-miR-3910",0,0.0676220499933285,0.134055463848882,0.158115990883118
"hsa-miR-3912-3p",0.0444438884094625,0.161570132080316,0.0422476445273222,0.0698393004239019
"hsa-miR-3913-3p",0.0401819587418716,0.0357501276327803,0.0344108354748528,0.0345706039253735
"hsa-miR-3934-5p",0.0086798732258959,0.051357700425509,0.0383527749156369,0.0643693862736648
"hsa-miR-3939",0.00460884714297566,0.150706729112992,0.0479829413900418,0.0211075241026629
"hsa-miR-3940-3p",0.438393291526917,0.210804524964073,0.300441171736969,0.350489210689946
"hsa-miR-3942-3p",0.0498622543126719,0.104698467540858,0.0681435315617614,0.0225296149000427
"hsa-miR-3943",0,0.0993653296645152,0,0.0163141010115243
"hsa-miR-3944-5p",0.112129305224221,0.655860450153773,0.424434847737316,0.222525580170001
"hsa-miR-409-3p",4.49044745838666,0.00723662310219559,0.0199551599983308,0.0309278793066303
"hsa-miR-409-5p",1.15483922164795,0.00990824960862414,0.00847507689791774,0
"hsa-miR-410-3p",0.417347977329033,0,0,0
"hsa-miR-411-3p",1.62070363084763,0,0.0208838576745974,0
"hsa-miR-411-5p",0.186942114302279,0,0.00718237364276915,0
"hsa-miR-412-5p",0.0457366120277102,0,0,0
"hsa-miR-421",4.19038476890841,16.0243322910818,3.37589887036546,10.7920155366823
"hsa-miR-423-3p",4.96706048812952,5.68859164387502,4.86453474960749,7.4417020341042
"hsa-miR-423-5p",138.45500476889,102.937046252813,112.38238138443,142.041217244144
"hsa-miR-424-3p",7.48835709829343,6.04324320195471,1.69616726682539,1.33212977748411
"hsa-miR-424-5p",155.839412346299,145.033517189452,27.7237385186887,38.6258987016151
"hsa-miR-425-3p",0.020024946179174,0.0661438811413159,0.0732018318423583,0.0277552021580017
"hsa-miR-425-5p",24.1680883461029,29.7339823943114,39.1130065101279,58.1638560441631
"hsa-miR-4284",0.575625458677649,0.434759802049773,0.272778611401908,0.740454008049114
"hsa-miR-4286",1.95775848391109,11.2710416615699,4.70277788738688,7.63094006364049
"hsa-miR-4306",0.0318049403036759,0,0.0313122136995771,0.0304738476509226
"hsa-miR-431-5p",2.20758894015158,0,0.0948528711375458,0.0054599398751421
"hsa-miR-432-5p",1.04835455900894,0,0.0283406483129133,0.00556641935065492
"hsa-miR-4326",0.314652059361861,0.218030406686119,0.278453133258738,0.569247177164297
"hsa-miR-4423-3p",0.00228918442768558,0.0663169855210777,0,0
"hsa-miR-4423-5p",0,0.339997681930308,0.00577523256861554,0.00960904722997493
"hsa-miR-4443",0.338286904096155,0.374843911777911,0.255799507645332,0.209559752515526
"hsa-miR-4446-3p",0.0321468629496103,0.206809228563762,0,0.00422039938483459
"hsa-miR-4449",0.179603210256777,0.258517099918824,0.621797103558303,0.31543456203878
"hsa-miR-4454",1.4914510692618,4.32343150336533,0.665511783927167,4.60965782675008
"hsa-miR-4458",0.0157006082817951,0.0547130256882287,0.0249773961423172,0.0450168686402782
"hsa-miR-4466",0.258940063736684,0.0378018906181122,0.088189771744131,0.220564351391288
"hsa-miR-4473",0.61620677348412,0.936372049885592,0,0.230655432986708
"hsa-miR-4477b",0.00458760209708467,0.0642695916069935,0.0293403009071849,0.00450312516886719
"hsa-miR-4484",0.0171138760184756,0.0310515643993234,0.0117038933451511,0
"hsa-miR-4485-3p",0.630465822936964,0.760051194081586,1.10424728521889,0.336368491499886
"hsa-miR-4485-5p",6.07134821325338,14.1262044507808,14.9405881464346,9.41665423765237
"hsa-miR-4488",0.00987966169882093,0.0873356338892351,0.0156316056681259,0
"hsa-miR-4497",0.0842076988339239,0.376200270406861,0.00764572657494087,0.022810375100072
"hsa-miR-449a",0.00624752812535113,0.0552395657204697,0,0.0103815518294498
"hsa-miR-4501",0,0.0540379692156364,0,0.0930957083336439
"hsa-miR-450a-2-3p",0.0443447188336677,0.155004264693931,0.0139595559087276,0.01751753372929
"hsa-miR-450a-5p",4.99990953157968,3.97999715637691,0.506059754921093,0.566992905106217
"hsa-miR-450b-5p",2.71822596255159,6.37288988066009,0.685435074399891,0.491706791056404
"hsa-miR-4516",0,0.102185711295216,0,0.0105241243227549
"hsa-miR-4517",0.158904999667367,0.599672877548987,0.38373903255277,0.197911604199473
"hsa-miR-451a",0.10804395005018,0.377418184105331,51.5322064137868,0.304565559849437
"hsa-miR-452-3p",2.99404757671772,0.467399705949737,7.24363148317641,2.01580275869812
"hsa-miR-452-5p",3.15925135823337,0.604396525075195,5.46095551609381,2.13227855944628
"hsa-miR-4521",2.2541291253075,9.31633837480286,9.45013001475873,4.23061365741585
"hsa-miR-4525",0.00843501249733883,0.0318365399844662,0.0144126123777537,0.00482645049316671
"hsa-miR-454-3p",4.69708155822241,4.56544276397055,3.65782998190825,8.90373637005917
"hsa-miR-454-5p",0.011155851596784,0.0445844837663971,0.0274199430191826,0.0229422495918104
"hsa-miR-455-3p",11.8797762190064,14.6908663143224,0.0837613201814188,19.7882146647074
"hsa-miR-455-5p",9.57432888329157,5.8419670993898,0.0744503473765537,10.3519664281904
"hsa-miR-4652-3p",0,0.0337792439965499,0.0320876226061931,0.01226807085603
"hsa-miR-4659a-3p",0.272789397892684,0.106060103050309,0.352235674680319,0.0661066736238575
"hsa-miR-4659a-5p",0.0122392864607319,0,0.035841757759305,0
"hsa-miR-4664-5p",0.670067603678072,1.0574599731222,1.00617715793971,1.02785420375778
"hsa-miR-4671-3p",0.14779013173379,0.0212926678132913,0,0.00607096717792305
"hsa-miR-4676-5p",0.0287910629452144,0.0171276572138641,0.0343302317243663,0.015204131896792
"hsa-miR-4677-3p",0.15712182977439,0.364567841026545,0.258236450237538,0.162162836605318
"hsa-miR-4685-3p",0.00709520773223838,0.0214693372591198,0.00656147964810685,0.0148104200566048
"hsa-miR-4687-5p",0.00982588703686074,0.0311027895332883,0.014969465254242,0.00528120572039079
"hsa-miR-4707-3p",0,0,0,0.133412521932869
"hsa-miR-4710",0.0101038868905272,0.0202164406959967,0.00318946812110666,0.0294671396526342
"hsa-miR-4713-5p",0,0.360060677364871,0.180852615773422,0
"hsa-miR-4714-3p",0.111116615953933,0.0217210818992983,0.0068950532727546,0.0201146802803568
"hsa-miR-4719",0,0,0.0668289256103784,0
"hsa-miR-4725-5p",0.0098218926632265,0.0207106903054777,0,0.0297851731444699
"hsa-miR-4728-3p",0.00815433360710869,0.0188993181048003,0.00478667924605973,0.0233600368733048
"hsa-miR-4731-3p",0.0767299740931191,0.00692799046708512,0.0339604378243163,0.0103604581022181
"hsa-miR-4742-3p",0.0132505002906102,0.017837138064652,0.00324180948728514,0.0184000124619748
"hsa-miR-4742-5p",0.0516434075514926,0.278415631462688,0.0712762601034951,0.0606971752261011
"hsa-miR-4745-3p",0,0,0.0188950045103733,0.0331069251758419
"hsa-miR-4745-5p",0,0.0213851443024185,0.0616441048592444,0
"hsa-miR-4746-5p",0.0323513729196133,0.111687349006269,0.0800294381758447,0.0327086954527665
"hsa-miR-4758-3p",0.065750425964818,0,0,0.192799619125106
"hsa-miR-4766-3p",0.0119257235578537,0.0516704461640317,0.0666256532830466,0.0285090613312445
"hsa-miR-4772-3p",0,0.00954562810232914,0.393147750627193,0
"hsa-miR-4772-5p",0,0.0274375776557903,0.272575860485938,0.00451627938065551
"hsa-miR-4786-5p",0.00411142960985822,0.0612811330554806,0.0576064557944401,0
"hsa-miR-4787-3p",0.649483457515307,3.94216610303562,0.0631567980812469,2.4852594272005
"hsa-miR-4791",0.117907752289434,0.0391242504186958,0.0245189085100471,0.0780144901013302
"hsa-miR-4796-3p",0.133240379854139,0.00652980201640286,0,0.10967137209814
"hsa-miR-4797-3p",0.00880499697970916,0.0101304805899992,0.0391733684750639,0.00912331262620325
"hsa-miR-4799-5p",0.0236821001624248,0.0248185889004914,0,0.013369436381055
"hsa-miR-4803",0.0211101553212113,0.0612887058529064,0.100814968945093,0
"hsa-miR-4804-5p",0.00761180461582561,0.00670232302516052,0.0278639964697462,0.00437671047316179
"hsa-miR-483-3p",0.089567503073045,0.0931109014603961,0,0
"hsa-miR-484",66.2655152466823,80.6903983705634,36.2732397225758,47.5738922484941
"hsa-miR-485-3p",1.18800168574705,0.00679329366049836,0.032594068168573,0
"hsa-miR-485-5p",0.51966480915426,0,0,0
"hsa-miR-486-3p",0.151929217036569,0.0755301027197445,6.97547526987204,0.178296147004774
"hsa-miR-486-5p",1.51195711868736,1.94520750470245,56.9965622614472,1.07296254162529
"hsa-miR-487a-3p",1.20147618152598,0,0.00767920283731186,0
"hsa-miR-487b-3p",11.4703506980334,0.055784722555649,0.108715924090326,0.0372037591959687
"hsa-miR-489-3p",0.00941196590976993,0.271969310881075,0.0781137703674998,0.0890509610445046
"hsa-miR-491-3p",0.11630209032284,0.417105205062457,0.0402681537594832,0.128313772657443
"hsa-miR-491-5p",0.315291661167466,0.777122864508135,0.0718404322607772,0.40958244628705
"hsa-miR-493-3p",0.682191009330126,0.00882254336280063,0.00383960141865593,0
"hsa-miR-493-5p",4.6733950888648,0.0170047972562628,0.0435314860636836,0
"hsa-miR-494-3p",2.94889114065591,0,0.0265366520607471,0
"hsa-miR-495-3p",6.36660917231631,0.0184540302543238,0.077861530503067,0.0293200390291261
"hsa-miR-496",0.518126412990596,0,0,0
"hsa-miR-497-5p",1.4329151739548,2.98426309736336,0.524376262091161,2.31753009852832
"hsa-miR-4999-3p",0.0185084796896325,0.0144892976864295,0.0183832361013799,0.0153636535705315
"hsa-miR-499a-5p",0.18854899166939,0.242049767834877,0.183101232178159,0.933683932191938
"hsa-miR-5008-3p",0.135998936648386,0.16974069032679,0.00520903329718264,0.0106820204424464
"hsa-miR-5008-5p",0.0883767568981926,0.0237215930587138,0,0.00406237698614689
"hsa-miR-500a-3p",1.30726643645998,5.59765915242428,1.94037814143416,5.43363171734529
"hsa-miR-500a-5p",1.45241349497955,9.37391887148091,3.41944288716486,3.62369734986783
"hsa-miR-500b-3p",0.132261650072151,0.464772570356416,0.265925516288046,0.208629531699077
"hsa-miR-500b-5p",1.4537076294221,9.38228101893574,3.42404267928575,3.64018915547053
"hsa-miR-501-3p",2.01485451880487,7.28067241661159,2.49379832893095,5.41877237552205
"hsa-miR-501-5p",0.466393274238373,5.91899108127251,1.62263875925454,3.52450143338658
"hsa-miR-5010-3p",0.113722268206627,0.0096150148071228,0.13026854550465,0.0285074915226948
"hsa-miR-5010-5p",0.156093775625341,0.155665749290166,0.242533649835705,0.0968140777171419
"hsa-miR-502-3p",1.8439127545987,3.20668331378933,1.62791425332068,4.13197163856928
"hsa-miR-502-5p",0.159347047185112,1.12029492075577,0.472916364843401,0.293390970050378
"hsa-miR-503-3p",0.378811719879536,0.705381936042929,0.146491388620894,0.0391229729261668
"hsa-miR-503-5p",3.21590725880137,5.48439537308021,0.301592372368597,0.897229694429719
"hsa-miR-504-3p",0.0510103142349506,0.065238939868103,0.268406296549827,0
"hsa-miR-504-5p",0.00500476433741165,0.0323030021604764,0.0337297778551354,0
"hsa-miR-505-3p",0.806992548516005,4.70588090761472,2.1269832165129,2.1877976083241
"hsa-miR-505-5p",0.271073365883086,1.38180471081963,0.534676507026666,0.506412817075342
"hsa-miR-5094",0.0400546008361117,0.0822422398204882,0.0267776563711881,0.151347557221128
"hsa-miR-5100",0.17156087986931,0.174413019598719,0.0213791436488895,0.0515358032738487
"hsa-miR-5189-5p",0.0048282495084842,0.0202058474770207,0.0281567828553539,0.00994081633103948
"hsa-miR-522-3p",0,0.00532294294869748,0,0.0620952440968807
"hsa-miR-532-3p",3.1139743357058,11.5575748440916,4.06338698026803,12.0189346125089
"hsa-miR-532-5p",1.04325687544476,2.99020404773858,1.26669997980777,3.54584478834912
"hsa-miR-539-3p",0.867801904204749,0.00704930282395071,0.018982138318125,0.00386357261468822
"hsa-miR-542-3p",3.83647423855771,4.16354024416423,0.468428585482936,0.520824185581673
"hsa-miR-543",2.41405924734887,0,0.0444290501013963,0
"hsa-miR-545-3p",0.101253231952791,0.0606197158455435,0.0111978164311476,0.0351475436375309
"hsa-miR-545-5p",0.116533783314127,0.202129357305797,0.0326110592306416,0.129630331506286
"hsa-miR-548a-3p",0.115784569388169,0.0743602079104591,0.0446542533588664,0.014086883424766
"hsa-miR-548a-5p",0.0331295807962535,0.0516575851862081,0.105682959937179,0.00736809995859128
"hsa-miR-548ab",0.0755527806743708,0.0162310138490867,0.0777784075113052,0
"hsa-miR-548ae-3p",0.016766430251085,0.021400177393814,0.308366054965385,0
"hsa-miR-548ae-5p",0.031474828291237,0.0285395281769732,0.0212927079353055,0.0340064767545615
"hsa-miR-548ay-5p",0.0123384861892849,0.0219386099520579,0.00886654756328357,0.00999262539706628
"hsa-miR-548b-3p",0.00465329248362972,0.774815819400729,0.416582405258267,0.00619875566178845
"hsa-miR-548b-5p",0,0.20542196668153,0.0691014136491934,0
"hsa-miR-548c-5p",0.0307019195603174,0.00634195839675292,0.00997471813420032,0.0108421523800837
"hsa-miR-548d-3p",0.0634411328197669,0.108769617441651,0.338317831874306,0.0199375449683337
"hsa-miR-548d-5p",0.0281148714303741,0.0768923159747317,0.132030528284294,0.0417913868101726
"hsa-miR-548e-3p",0.332325017083796,1.23792305028925,0.404417613191991,0.860142438806735
"hsa-miR-548e-5p",0.0403095641842901,0.105616852281436,0.0129889230472072,0.0625307308680834
"hsa-miR-548h-5p",0,0.0928996354626628,0.10928521259585,0
"hsa-miR-548j-5p",0.0280445232806104,0.104262916949916,0.478963284143343,0.0368327489605999
"hsa-miR-548n",0.164938335908134,0.130386313801085,0.198976414835397,0.0479116233454369
"hsa-miR-548o-3p",0.00948562502149411,0.0382604116326964,0.0318728931661863,0.00491988217866159
"hsa-miR-548q",0.161067944124023,0.149016442711751,0.182465099910529,0.386384056630594
"hsa-miR-548s",0.392610443063405,0.382952200871309,1.08933064716038,0.165168071469201
"hsa-miR-548v",0.099465436464369,0.0365442278521928,0,0.0214109326221566
"hsa-miR-548w",0.03667812010169,0.115716300895846,0.0037416999740326,0.065048915084824
"hsa-miR-548x-3p",0.118384038445111,0,0.611304511827202,0.00520417270567541
"hsa-miR-550a-3-5p",0.564339805718562,0.162163133641049,0.311664531473773,0.106297415249792
"hsa-miR-550a-3p",2.11920364954618,1.72898536920214,2.25423754304403,0.764972519558971
"hsa-miR-550a-5p",0.620952248560299,0.464421961871271,0.497019296445198,0.159894305015312
"hsa-miR-551b-3p",0.0046343326190282,0.377634276247992,0,0.124727985209429
"hsa-miR-551b-5p",0,0.0989858657416625,0,0.0117636817877212
"hsa-miR-556-3p",0.0940295594072968,1.05288279414082,0.058113964280912,0.665777182434917
"hsa-miR-5579-5p",0.00300331325518312,0.274151261188551,0,0.00260354696824766
"hsa-miR-5581-3p",0.0465199798689817,0.323282770798718,0.204660763146258,0.0574029643195126
"hsa-miR-5582-3p",0.0854884709914549,0.110560578992126,0.208031838690472,0.0543636303214257
"hsa-miR-5699-3p",0.0510638575577501,0.0866480274685606,0,0.0116742253683486
"hsa-miR-5699-5p",0.303474058074958,0.520437424667212,0,0.123920212899613
"hsa-miR-570-3p",0.133428092105979,0.147832575127806,0.708488445014935,0.0361435150861149
"hsa-miR-570-5p",0.15814011837327,0.278344467125655,1.02367659349177,0.0601463556835475
"hsa-miR-573",0.0223235799232912,0.172534439599747,0.20077011635934,0.0103154714506358
"hsa-miR-574-3p",4.65004202323499,4.68073394030159,3.02968370730138,9.91849227905714
"hsa-miR-574-5p",4.06241121074494,5.93701369473899,3.04132464224862,8.76956306185488
"hsa-miR-576-5p",0.580551408935892,2.4282223198989,1.01606443556237,0.540034399666136
"hsa-miR-577",0,0.502222186658535,0.215400701040056,0.0895078951491151
"hsa-miR-579-3p",0.0152464244291277,0.0187353867395671,0.0194265111301524,0.0107706489010549
"hsa-miR-579-5p",0.126573906681239,0.149387810949635,0.227409722306198,0.0924413182749135
"hsa-miR-581",0.0112434870673312,0.0141100175714229,0.0174274123137928,0
"hsa-miR-582-3p",1.6514126038953,0.520921763549448,0.0035082696933211,3.32672323892341
"hsa-miR-582-5p",5.89218009434817,3.35188688187905,0.0310855905925627,15.1626354266272
"hsa-miR-584-3p",0.074488767339543,0,0.0324542265307673,0.120146977469457
"hsa-miR-584-5p",0.654618718618358,0,0.47675878619358,0.663058863190165
"hsa-miR-585-3p",0.0631453333514051,0.0156358320009605,0,0
"hsa-miR-585-5p",1.01970757643733,0.337738573497878,0,0.0125162580113031
"hsa-miR-589-3p",0.0844046033208424,0.528935429008303,0.203132136234041,0.0775824979108886
"hsa-miR-589-5p",0.44862228527865,0.940971573288509,0.341262008019297,0.394745068080739
"hsa-miR-590-3p",8.9683327238474,21.3322917871621,13.890203194865,9.17253359220705
"hsa-miR-590-5p",3.12674204308504,11.2114248822871,8.12332170154932,4.23034749370933
"hsa-miR-592",0.00434951294154081,2.69937367181869,0.0127990005020105,0.151475885797517
"hsa-miR-597-3p",0.0213815240704049,0.0374886923773752,0.0250317340693029,0.0198575112628724
"hsa-miR-598-3p",0,2.85292538038334,0.00454925317185304,0
"hsa-miR-605-5p",0,0.342441310970877,0,0.0193778090264343
"hsa-miR-615-3p",0.113581335873143,5.23415170866998,0.184781179373058,1.17913559401124
"hsa-miR-616-3p",0.0169534673447667,0.00908215719397672,0.0248862807645731,0.00556141357785757
"hsa-miR-616-5p",0.731896086458725,0.509909105324862,1.50127845112735,0.343243536253538
"hsa-miR-624-3p",0.0293562044290104,0.0312712590624246,0.0422676133019453,0.00453948512251843
"hsa-miR-624-5p",0.468785993886393,0.734713619691056,1.2084645906181,0.217275777000687
"hsa-miR-625-3p",0.263091980105101,0.768155099826587,0.425633621616646,0.297636724867819
"hsa-miR-627-3p",0,0.0226156103162091,0.0474880404381021,0.0113310763956212
"hsa-miR-628-3p",2.05371069716878,1.8727334159667,1.63407408679626,2.06089031738067
"hsa-miR-628-5p",0.14926255861313,0.232461434990997,0.0879904594967137,0.188941205003642
"hsa-miR-629-3p",2.91454193912583,5.13343173606214,2.6299129635353,2.45603167820114
"hsa-miR-629-5p",0.135211420084989,0.195939755676306,0.113577051680923,0.108862255130534
"hsa-miR-636",0.00397294582808904,0.00986766174368655,0.0162837244293408,0.0311148956699535
"hsa-miR-641",2.19057555454962,1.67418853615527,1.36983690997369,0.778482791313175
"hsa-miR-642a-3p",0.0317264369012384,0.0120852336936688,0.267114431840058,0.0319070526293123
"hsa-miR-642a-5p",1.11245941049593,1.36939036390958,6.45387491706277,1.15300371251997
"hsa-miR-642b-5p",0.0552236889387069,0.0710246156686456,0.245004679737536,0.0372645270351093
"hsa-miR-643",0.00804040432859057,0.0260189441259623,0.0391773452671977,0.00414126689636894
"hsa-miR-6509-3p",0.0312808319314892,0.0921650295557487,0.0645459089295091,0.0610531778185422
"hsa-miR-6509-5p",0.0217788016464948,0.111640161416607,0.0342189738142277,0.0169631303164683
"hsa-miR-651-5p",0.220603208527915,0.32856523612098,0.931268409803981,1.76682437698576
"hsa-miR-6511a-3p",0.223500422361663,0.385138826352147,0.181012242239665,0.268897795756633
"hsa-miR-6511a-5p",0.0178160849947244,0.0159062622699376,0.00486373752937697,0.0135185959902306
"hsa-miR-6511b-3p",0.153083356083467,0.217746969349701,0.0446646430216865,0.175295534937456
"hsa-miR-6511b-5p",0.0178160849947244,0.0159062622699376,0.00486373752937697,0.0135185959902306
"hsa-miR-6516-5p",0.224010892165978,0.558753873976104,0.0394648819827602,0.271221773489038
"hsa-miR-652-3p",0.556339095907114,0.861750257573194,0.576872910893585,0.495073213258876
"hsa-miR-652-5p",0.281645015286207,1.28168990895824,0.969053118485548,0.345062506735294
"hsa-miR-653-5p",0.00316257534835768,0.0114077368606748,0.0217231735834053,0.00516361694843664
"hsa-miR-654-3p",2.87136067110559,0.00834919680726714,0.0626951668771772,0
"hsa-miR-654-5p",0.611892166540075,0.00540686672073533,0,0
"hsa-miR-655-3p",2.80478931272801,0.00679329366049836,0.0442197399068212,0.0109105574630362
"hsa-miR-656-3p",2.36134895729016,0,0.00685728548868102,0.00611902232708867
"hsa-miR-659-5p",0.0180137389399706,0.028256298985717,0.0143806191754776,0.0178856401915574
"hsa-miR-660-5p",2.62130132144972,11.1177817223168,2.91181146859206,8.89404733954196
"hsa-miR-663a",0.0225606820663143,0.0628307308154054,0.0273580896026111,0.0201570499752497
"hsa-miR-663b",0.0476167007864709,0.412701157245249,0.0469339378663456,0.0259879029267283
"hsa-miR-664a-3p",8.16058701728515,2.52022044972398,1.61310213459825,2.23182814636659
"hsa-miR-664a-5p",0.546072110153174,0.135911492934005,0.0706831068215101,0.105830321570529
"hsa-miR-664b-3p",1.36519220253914,0.522458769864329,0.390341323893924,0.532315235711706
"hsa-miR-6720-3p",0.0742429141679794,0.164545373363762,0,0.265513987364631
"hsa-miR-6720-5p",0.0433089222464188,0.122286542668176,0,0.113958845946449
"hsa-miR-6724-5p",0.033368574581043,0.200338861688588,0.184362556504918,0.0710519263538197
"hsa-miR-6734-5p",0.0101192121861682,0.0146047109824987,0.0427469903418316,0.0177949858851432
"hsa-miR-6747-3p",0.0106764248707584,0.0377406478520665,0,0.0497222317637156
"hsa-miR-675-3p",0.00295099460322107,0.0149820336419149,0.070746702587058,0.0135129905897451
"hsa-miR-676-3p",0.0624110997754569,2.53640244904374,0.0216479841870889,1.34193611490761
"hsa-miR-676-5p",0.00900637653421454,0.239378349391867,0,0.0478955011916673
"hsa-miR-6770-5p",0.0132850592797019,0.0291042804250521,0.0112787512247587,0.0494380472744127
"hsa-miR-6777-5p",0,0.0152146299581421,0.00786122078394375,0.0247829220797327
"hsa-miR-6800-5p",0,0.0263895216023308,0.013887827651367,0.0149283583185444
"hsa-miR-6801-5p",0.00341414384197704,0.0280071387712336,0.0182927362024716,0.00991540819341093
"hsa-miR-6803-3p",0.293394803688628,0.120563683491657,0.091469777898563,0.170888896507702
"hsa-miR-6804-5p",0.0124867220218354,0.0178513946921933,0.0268727823075794,0.00973368130991848
"hsa-miR-6807-5p",0,0.0166194931891316,0.0642045341777444,0.00579053548555956
"hsa-miR-6820-5p",0.0199779554289126,0.0663434800569236,0.0605261417670514,0.0418421335466323
"hsa-miR-6851-3p",0.0356410918442178,0.0090910743831706,0.00323093321305646,0.0152940990971472
"hsa-miR-6876-5p",0.00832276495140395,0.00685617123973288,0,0.0349719932956763
"hsa-miR-7-1-3p",4.54310739391393,9.61881706595451,6.56122036245783,3.53181325761881
"hsa-miR-7-5p",26.305848980044,181.838299221962,58.2133928069962,48.5962422559717
"hsa-miR-708-5p",1.66413089402651,37.1721568021698,0.076375979524543,0.0509053531936679
"hsa-miR-7155-3p",0.037347591745657,0,0,0.0195197550936905
"hsa-miR-744-3p",0.701275086079261,1.82138120075101,0.740056484496095,0.807198937890631
"hsa-miR-744-5p",10.5294934294007,25.0293981256866,6.13749379145463,10.9383152731235
"hsa-miR-758-3p",0.0591260388016408,0,0.00383960141865593,0
"hsa-miR-758-5p",0.154374948575447,0,0,0
"hsa-miR-766-3p",1.06188532916211,11.2000721672624,5.14950920373219,5.76414991784043
"hsa-miR-766-5p",0.0305445548140072,0.0793736472760623,0.0747193852121139,0.0625198933574662
"hsa-miR-767-3p",0.895267461972971,0.346701672804308,0.601625718719376,0.844877500919419
"hsa-miR-767-5p",0.0400048474348516,0.0951445315689215,0.118140511644898,0.143709215305299
"hsa-miR-7705",0.0125126878754886,0,0.00351627578572941,0.0440855391123629
"hsa-miR-7706",0.233542213497702,1.05511140077822,0.00401886293507205,0.584696322471414
"hsa-miR-7854-3p",0,0.0797718646757816,0.102964225354789,0.0277359367844031
"hsa-miR-7974",0.0066415084528619,0.184156858674105,0.0853148416822441,0.0322305004455809
"hsa-miR-7976",0.539106865236008,0.462035695233902,0.307246779554711,0.102248269133975
"hsa-miR-7977",0.0224787281637424,0.118280239347346,0.0274829769126587,0.049199087448853
"hsa-miR-8072",0.0323189465027879,0.0258773336899798,0.0357768094991589,0.0398459325138785
"hsa-miR-8485",0.0290103751959818,0.102491763288719,0.0629073390450741,0.0341348180167228
"hsa-miR-873-5p",0.036720615180473,0.016122283720719,0,0.229390339405856
"hsa-miR-874-3p",0.221466579128469,0.941392577182115,0.127999964880791,0.981062446347659
"hsa-miR-874-5p",0.0207830196639052,0.0756185451386343,0.015118532943582,0.0697310524529861
"hsa-miR-876-3p",0.195147544933938,0.13207839895033,0,0.699334264577848
"hsa-miR-877-3p",0.00350816630953534,0.0257537749947015,0.0152670625069455,0.0391751613617677
"hsa-miR-877-5p",0.690005786023152,5.21138835277526,3.20925309311297,2.48223787905114
"hsa-miR-887-3p",0.0638793872993349,0.471881235078628,0,0.00450312516886719
"hsa-miR-889-3p",1.35940136111298,0,0.00747192591018499,0.00401925383356431
"hsa-miR-9-3p",5.35976873420696,22.4228959964663,2.87442463272555,46.1499895816162
"hsa-miR-9-5p",1.4848708770896,7.63810626994072,0.612622800548171,11.5149857992656
"hsa-miR-92a-1-5p",2.28169245617968,2.94992657773255,17.9919418801484,1.23916038632195
"hsa-miR-92a-3p",144.842718994171,342.624686128543,488.322683269006,177.722522261924
"hsa-miR-92b-3p",12.9562558619779,19.6475839731758,12.9163594487223,27.0807811938346
"hsa-miR-92b-5p",1.06135029039478,1.32040305155917,1.83701592866128,1.50468520752379
"hsa-miR-93-3p",1.78780643971747,6.53767786905434,4.9800793366794,4.20825292075958
"hsa-miR-93-5p",100.842033272078,202.544989311221,150.820611774403,165.384269646778
"hsa-miR-933",0.0119064030383808,0.0124536103016264,0.0434510724921651,0.0406595536212992
"hsa-miR-940",0.121307663103385,0.392659895478488,0.197667507959288,0.21645552712996
"hsa-miR-941",3.65893987036712,9.82492517818793,13.2998502439748,7.02930763907834
"hsa-miR-942-3p",0.640351506985356,2.30010007206608,3.28083050153724,0.656440981642923
"hsa-miR-942-5p",0.262761175090923,0.62986729264703,0.684873850429141,0.26171441571419
"hsa-miR-95-3p",0.02150686416481,0.378218199185583,0,0.228517050829786
"hsa-miR-96-3p",1.59302378441549,0.533720523311025,1.76819078261468,0.908285336567779
"hsa-miR-96-5p",18.3261100541051,7.61524346983216,10.7669904286081,19.7094033595279
"hsa-miR-98-3p",0.490136230892167,0.0274916770389828,0,1.16158419242036
"hsa-miR-98-5p",1.64150372282966,0.175386008136569,0.0803732182874166,7.0810358637699
"hsa-miR-9901",0.00963781073134963,0.22020793185107,0.0119875549873906,0.0081305876793901
"hsa-miR-9985",6.52942029855097,0.0318565641919265,0.00749566645693081,3.08818047266491
"hsa-miR-99a-3p",0.0506277325779782,0.0297758082269403,0,0.0679341091041924
"hsa-miR-99a-5p",4.50423541419266,2.58508461146178,0.0495301833663198,5.49692849344757
"hsa-miR-99b-3p",0.261256728284127,0.242518138572585,0.263855714958256,0.369498010912255
"hsa-miR-99b-5p",35.586934094776,21.0146482369606,13.5822017050459,31.9906187019776
"hsa-miR-3127-3p",0.00456917270558993,0.0577816357923138,0.0121842064824291,0.00657903393465704
"hsa-miR-3691-5p",0.00741294357293831,0.00963502524376614,0.0196797132294723,0.0153743790690026
"hsa-miR-3917",0,0.0456642215377987,0.019652303692916,0.00371950194381172
"hsa-miR-548as-3p",0,0.0191013386009323,0.0222100335092146,0.0198268984951841
"hsa-miR-548l",0.0127481405738819,0.0150709042341242,0.0261085084850754,0
"hsa-miR-5697",0.00492989686655755,0.0323314976783591,0.0348156958406465,0.00386357261468822
